hash,tld
002c789d,immobilien
00b902e3,gop
00d283a4,xn--wgbl6a
00e7ddce,ae
011f0411,bot
01871032,sakura
018c669c,makeup
01cf15b9,sl
01d5b447,moscow
02099d41,va
02246b94,clinique
0255e0f9,xn--55qx5d
02784dcc,rent
0279681e,skin
028a030f,smile
029f1ebe,schaeffler
02b2674f,xn--9dbq2a
03023f3e,xn--j6w193g
0318f361,mint
033dcf8b,anquan
0382900d,ally
03b03e55,onl
03c6ed1b,jo
03cfb0d2,xn--8y0a063a
04160a3b,blockbuster
042f103c,next
0449c246,xn--pssy2u
04a00f3b,swiss
04ac44c6,nr
04c258fd,cards
04e34869,reisen
04f9d82c,americanfamily
051965e5,xn--w4rs40l
055eb8f2,tunes
05645958,ve
059278a3,dot
062674ef,sky
0627221c,realty
065c41a2,nagoya
066a8838,nike
06a2d1a0,sh
06b9e5b9,cash
0710b824,flickr
0783f8b4,clinic
079d99c1,sanofi
07d4c6fa,got
0876e0d9,photos
08875cac,help
089a3d3b,xn--9krt00a
08a9483a,box
08d36e38,business
08d6d6e3,trv
08e8909b,xn--c1avg
095191e5,ai
09b1440c,kw
09de56e5,london
0a06ecae,trust
0a11ef3e,hsbc
0a51eb4f,xn--kput3i
0a77ccf4,nz
0a90f77e,solutions
0aad0ac1,tires
0afd0500,fairwinds
0b162b24,reliance
0b1a29b2,uol
0b4e954f,management
0bbd2406,chanel
0c0b552f,law
0c212f36,army
0c24646b,ieee
0c52e20e,xn--fpcrj9c3d
0c548bb0,melbourne
0c728036,xn--3hcrj9c
0c8881c7,hot
0c8b8fdd,xn--jlq480n2rg
0cd21573,vi
0cde6ebd,taobao
0ce0bcba,silk
0d06c7a4,dating
0d870cd2,haus
0dce52dc,men
0decb45e,xn--mgbpl2fh
0dee4c6f,tattoo
0e0517bf,joburg
0e34f8c4,ubank
0e3b3838,et
0e3c55fc,am
0e583d74,fitness
0e7693ae,engineering
0f0c55a9,jot
0f149d8b,sd
0f35f57f,shouji
0f65806f,ferrari
0fa0e0e6,fox
0fe88c76,sydney
1035221e,aol
10c1a9c1,xn--gk3at1e
10e501f7,ericsson
1173f105,dev
11d8bf38,softbank
11eb3640,giving
11f65380,unicom
1245e65e,hockey
126de562,democrat
12a38def,st
12b9e409,statebank
131083ee,xn--j1aef
137bb0b1,whoswho
139c38b1,clothing
14065468,kg
140ab620,page
1419cd00,azure
1451dab1,int
14b78418,photo
14cf8197,shoes
14d81190,builders
14de6bd8,xn--3pxu8k
15474904,racing
155bf472,pfizer
1577fa77,xn--90ais
15cef5ed,international
1606b878,beauty
16717b7e,toshiba
169c4c9a,xn--flw351e
16b1ab08,visa
176b1151,corsica
17806b1b,imamat
1789526f,ollo
17930dac,xn--fct429k
17a33902,dealer
17d378b6,markets
184bfd6f,dance
1875b830,express
187d3695,audio
18cbbf5f,glass
18d3493c,vu
18edb14d,lol
1942e64b,gdn
19596737,lanxess
19cd3efe,life
1a2c1541,bnpparibas
1a2ef281,adult
1a3d09b3,aq
1a743be5,xn--mgbai9azgqp6j
1a85efd2,sport
1ab4b691,ren
1aec0e2b,limo
1af45360,olayan
1b15c1c4,sx
1b448132,xn--42c2d9a
1b4b0bf8,pictet
1b604033,community
1b91648b,ski
1be48dfb,dnp
1c1c757b,sas
1c284e8b,xn--fzc2c9e2c
1c9bea0a,xxx
1cc16efe,credit
1cd0e768,tvs
1cf640a1,faith
1d1de148,able
1d50cdaa,au
1d5ef26f,movie
1d689ba9,shiksha
1d8ff602,lgbt
1d944826,xn--mgbtx2b
1d9b3362,bosch
1dc5b178,orange
1dd39950,news
1e067dc0,locker
1e4980df,toyota
1e4b4f83,xn--kpry57d
1e597325,landrover
1e7690bb,nf
1ebe95bd,redstone
1ebf6aaf,healthcare
1ed91fca,top
1f26b7b2,aws
1f756e91,pwc
1fa4288f,safe
1fc0f36a,doctor
2017154e,direct
20978579,vodka
20c5b31e,hangout
20e38eea,xn--y9a3aq
20eecf4a,nowtv
2125da3f,sucks
215a9f37,mz
21ba4ade,gd
21d5d224,capetown
222a642b,wien
227cc226,bi
22809474,eco
22abbe4a,bzh
22cddc06,wiki
232b318c,game
236e5b13,lifeinsurance
23e14474,rocks
244bdf78,vlaanderen
245ad32a,sfr
245ec6f4,monster
24835ecc,williamhill
249bcca6,xn--mgbayh7gpa
2511063f,bm
255443d7,fresenius
256649c4,fast
25893ca8,aco
25d53dfd,ping
25de8d86,barefoot
26b58f66,genting
26d0e303,cy
276419b6,kindle
27c1bec1,llp
27e9b7dd,xn--9et52u
2808726a,airtel
280c06f5,gh
28705248,locus
28ebbed8,io
28ecd31c,mv
29140ac3,bcg
2924ce82,ua
2947821d,xn--vermgensberatung-pwb
2972c13a,space
299cd347,woodside
2a197dec,eus
2a3b56c5,immo
2a5b0904,rugby
2a8e1288,xn--ogbpf8fl
2ae2467a,pl
2ae44f4f,gives
2af1a9d6,arab
2b2d3620,lb
2b30fe4e,saxo
2b386a47,xn--xkc2dl3a5ee0h
2b5445eb,ford
2b7e2e9c,xn--ngbe9e0a
2bca8e0d,be
2bf84b30,contractors
2c3d72a5,organic
2c6371d6,pink
2c798c47,hyatt
2ca74a14,ba
2cc6210c,aero
2d0b6bce,travel
2d5b0234,city
2d79a398,diy
2d7eaddd,nexus
2d8f8263,ph
2e66eb2e,nico
2efe2dd3,auspost
2f06e691,xn--mgbc0a9azcg
2f0ac70e,tours
2f211c93,sandvik
2f61c2ec,gl
2f66af28,cu
2f811705,mr
2faab213,olayangroup
2ff2b31a,allstate
307cbaa6,capital
30ec1250,citi
31172bd7,wtc
31f7e25d,lv
320ed901,show
321146cc,gallup
322d5fed,ventures
325c16d4,cloud
33232620,xn--5tzm5g
33433666,hbo
33acd064,kerryhotels
33bc5a0a,ubs
33bdb86a,style
33edeea1,song
343bd602,xn--hxt814e
352441c2,abc
35497cf3,kia
355947a8,blackfriday
35acdb48,rentals
35bc7b55,ca
361e830b,stc
365095da,volvo
369a2644,lr
369d4b80,hk
36ac99f1,link
36de5a04,secure
37040cce,reise
373126b8,sbs
374d9e3c,jll
3762ff9b,bbc
3781ec10,delivery
37a7f119,luxury
3868a846,ltda
3989b3e8,tm
398ede2c,pt
3a1005d6,physio
3a4856d4,uy
3a57f332,jmp
3a771143,world
3a923cd0,xn--6qq986b3xl
3b130597,amsterdam
3b1cee05,camera
3b22a600,gallo
3b3e31f0,xn--fzys8d69uvgm
3b609ea3,gp
3b67f367,ci
3b804b4a,mn
3b829067,vacations
3b974a68,homedepot
3bc13770,dunlop
3bdd830d,ipiranga
3be2312d,berlin
3c038ab3,lotto
3c0918ea,garden
3c0a377e,cm
3c0d5aba,gt
3c54e853,gmx
3c7124e1,xn--j1amh
3c7323e0,mobile
3ceae297,is
3cff30d8,kim
3d2bec22,jpmorgan
3d5c3666,seat
3d992988,microsoft
3dddbce4,moto
3de6d8a0,exposed
3e8fff07,xn--3ds443g
3ef6c87a,kpn
3f596dcc,coach
3f6c5cf9,cleaning
3f744433,fish
3f9d8955,voyage
3fcbd242,by
40550b4c,td
40e29877,xn--nyqy26a
40f0eb24,center
413b3e0f,bargains
417aaeff,bt
417dc33b,fm
417ddf58,wtf
419d16d2,ls
41a83a13,plumbing
41aec99b,xn--tckwe
41e0b271,ninja
421d9546,zip
42237154,abb
42418fe1,bond
425cf3ee,mg
4282c85b,hospital
428a8ca5,xn--e1a4c
42aad215,dtv
42bc2607,gy
42deb604,xn--cckwcxetd
42f8d194,kids
42ffbcb9,norton
4301106a,firmdale
4317f817,quest
432065f8,xn--3e0b707e
43343279,xn--eckvdtc9d
437427fa,wme
43966f5a,juegos
442c2e88,surgery
443a4286,vegas
444f97dd,phone
446eb07b,fans
447556f9,actor
449a370b,scb
44a58c21,xn--45brj9c
44de16c4,photography
453137f7,mc
45633388,xn--p1ai
4592b2fd,shell
45d68fda,cd
46006e2c,autos
460fc23b,xn--mgbaam7a8h
46100722,fi
4643c262,ftr
4649b5cb,gle
466f2ffc,target
467844da,directory
467be66a,cooking
46dd8154,theater
46f7bf0f,hn
472b783a,gallery
473fa291,py
4764b70d,emerck
476f5de7,website
47a91d51,gold
47e7c24e,xn--ses554g
4811e911,cbn
485515aa,politie
48aa88d0,xn--kcrx77d1x4a
48d6477e,sarl
48dfa2eb,band
496d7c85,nokia
49e34767,th
49f99c41,lundbeck
4a162d83,mtr
4a199d3a,omega
4a2b07b6,studio
4a724146,itv
4ab9be91,ngo
4ad1a60c,mattel
4af2b3f3,bid
4b076c22,vip
4b0a6a2c,gu
4b0d07e8,cl
4b2576e0,earth
4b425d70,thd
4b482ad9,ups
4b561800,xn--vhquv
4b59af6c,fun
4b6f7449,zara
4b9f7934,meme
4beabfc5,mk
4bedd201,ir
4bf2eac0,select
4c0ec4fe,rip
4c4ad5b4,xn--45q11c
4c4bf5ac,phd
4c60c3f1,ch
4c62e638,contact
4c67ae35,gq
4c869169,miami
4c877bdc,mo
4cbc3780,bike
4cd0d36e,weather
4ce6c7a4,town
4ce849b0,weibo
4d2ec1c8,free
4d39db0b,reit
4d41953c,barclays
4d480b86,qa
4d6d53a9,tushu
4dc78947,akdn
4e8e837e,tl
4f1b9342,expert
4f1ce2b0,durban
4f757cfc,mil
4f84ac01,xn--fiqs8s
4fbd7f10,cafe
4fbf094f,company
5006d511,associates
500b4a26,watch
504c0b4b,fit
5076a4c0,run
5079bde4,crown
50c8b267,bcn
51572bb7,docs
515ca4be,kosher
51635a46,osaka
51d0be51,ga
51d7d395,cx
5227e4d8,lidl
52f18e84,lk
52f6e340,hr
52fea8f7,xn--30rr7y
530f2caf,live
533efede,pe
533f2feb,baseball
534e6880,work
5373c966,country
538529b3,coffee
5387574a,events
538a83b3,fly
54085ba9,hermes
54469df4,tickets
544b0f57,prime
54533ac7,pa
547a1b34,storage
54c07de2,zuerich
5550c4ed,pid
55663ade,save
557bf2b0,bh
558ded0a,globo
55a8c545,mma
55e4a96d,hughes
560c6468,wine
560c9065,lamborghini
5650bf5b,dell
56bd7a48,ge
56dd182d,hitachi
56ec8745,ismaili
570d6ef1,xn--czru2d
573250c5,futbol
576daff4,jcb
5782501d,love
57befebd,lexus
580f98b1,ril
5816d045,farm
5829a0d7,xn--11b4c3d
5866f27a,gm
58862793,ms
58a142fb,xn--mgbgu82a
58b9fc78,attorney
58de09cf,fire
58f666ad,beer
594ea6cf,xn--fiqz9s
59bf7632,dhl
59f5f398,xn--q7ce6a
5a108564,vote
5a443c85,pub
5a68671c,zw
5a8a6c8d,post
5bba70bb,prof
5bc25c96,wedding
5c19e4aa,mit
5c234b21,yun
5c2a06b6,lc
5ccdbe9b,bd
5d1319cf,stockholm
5de21b28,tt
5de576ec,pm
5e1771cc,mtn
5e237e06,name
5e54bd54,brussels
5e89deba,play
5edc05f8,hiphop
5f07e333,abbott
5f0b3663,gi
5f1ce23c,bauhaus
5f8463c2,taxi
5f93159a,foundation
5fe0f193,xn--mgb9awbf
5febe38a,mw
5fec8e4e,in
601e9fb8,mini
608487bc,network
60f363de,moe
61089c5c,re
6113a845,care
612ed720,broadway
6178be63,fage
61add8b2,systems
61d59799,crs
61ef7477,lawyer
62474477,museum
624ab1eb,soy
625265aa,nab
626c6915,webcam
6282746b,caravan
629a2f18,horse
6355161c,cbre
63e1b117,ax
640eaf4c,insurance
642c4108,tips
64369847,diamonds
64370126,xn--80adxhks
645bf4d0,praxi
648b18ca,ee
64963127,realtor
64b6c6e6,com
64bf3f02,coupon
64ee2cac,xn--imr513n
64f110b9,yoga
651bcf2f,gifts
651cf551,google
6574acd1,bom
659df2aa,chat
65a4bd79,su
65bfea61,gent
65f77839,fan
65fd8975,guitars
660e67c4,sling
665ddab3,furniture
666b7816,you
667a528b,industries
66ba25fa,auto
66db372b,koeln
66e5d416,farmers
671731a8,science
67544086,xn--mxtq1m
67765e4c,xn--gecrj9c
67aa281f,no
67ac4de7,yamaxun
67d5399d,house
681b784c,itau
681df58f,drive
6850d7cb,xn--mgbx4cd0ab
68a0e46e,kuokgroup
68e444c3,hkt
6940a7fe,parts
694309e4,site
69452ff5,moi
6948a4b7,alipay
6970eb0f,reviews
6971a02d,ng
69a297d8,man
6a007340,virgin
6a1dc483,realestate
6a2947cb,cologne
6a2ca10c,media
6a47b1ba,xn--tiq49xqyj
6a4c05b7,dvag
6a548b23,commbank
6a57fd3c,at
6a8af6f9,cab
6b07da35,axa
6bac85cb,market
6bb4d6ff,pro
6bc65f4d,viva
6be34445,new
6bec697c,xn--mgba3a4f16a
6c12f152,sy
6c8fb839,dentist
6cb5e268,xn--mk1bu44c
6cfa5c4f,weber
6d1c90b0,nissay
6d3fe4c6,alsace
6d734922,cipriani
6d7563bd,tjx
6d7a7926,catholic
6dc044c5,group
6dc93f4b,shangrila
6ddaeccc,kn
6de26289,citic
6dff031a,xn--cck2b3b
6e1c6434,nc
6e28ebec,mom
6e60c0d3,nrw
6e80aaac,financial
6ef95fe2,xn--yfro4i67o
6f1aab4b,xn--p1acf
6f587580,accountants
70574f40,ceo
70986068,lefrak
709d8cdd,archi
70c0c6e6,agency
70edae85,airforce
70f7849d,xn--55qw42g
7121b814,xn--80aswg
71399038,nec
7149120f,xn--g2xx48c
7161e187,social
71a5e136,si
71bd2914,joy
7215ba80,org
72631658,xn--80ao21a
729f519b,room
7328f22f,homesense
7332e169,services
734ba1b9,dm
734c2f6e,jeep
73e3430c,tab
73eed322,cymru
741d53cd,place
74516b02,office
74cfbbd0,xn--h2brj9c8c
74f08579,flir
74fd72e0,investments
75483583,honda
75bfffbd,fishing
75eaeed4,schwarz
76116573,lds
76c8252f,sm
76f9b752,pioneer
76ff8caa,bar
770038b1,kz
770a6a1c,comsec
77149fcf,hdfc
77383582,boehringer
773de69d,car
7745248e,apartments
77480fed,tdk
77624687,xn--io0a7i
77d068cf,software
77d5bf30,xn--6frz82g
77e0ed58,ad
77f1748e,dvr
780234cb,dds
78089904,case
7813ad1d,se
781a8270,download
7827c647,xbox
786ac4cc,wanggou
78c2367e,komatsu
79128ad4,vanguard
79342530,goldpoint
793b656a,al
793c08ae,eu
794381c6,review
796078f9,homegoods
79671c2c,creditunion
797ea2e0,catering
798875c3,fyi
7998f5b1,xn--q9jyb4c
79dbb083,kr
79e728d9,gripe
7a58730e,stcgroup
7a6c86f1,one
7ae31853,asia
7b12683c,viking
7b19c6a0,juniper
7b2cc683,living
7b2f0296,christmas
7c0160a5,xn--czrs0t
7cbf8c38,ru
7cc7da2c,video
7d010513,agakhan
7d053a93,menu
7d08131c,aeg
7d4aefbe,tirol
7d4c5adc,villas
7d90298b,de
7d920aaf,lilly
7da31576,xn--cg4bki
7daf2300,flowers
7dc47cbd,press
7de286c6,xn--d1alf
7e1a4366,trade
7e1dc36b,audible
7e9d3763,richardli
7ec9f620,ads
7f1ae6d2,java
7f1d7466,sew
7f655d1d,casa
7f7e6904,sa
7fafc0ec,singles
8004eba5,support
80120518,na
8037feb4,hisamitsu
805bd602,pccw
811431dd,xn--mix891f
812c397d,dog
815b8877,amazon
81dd7542,ro
81fe980f,gucci
8244be22,film
82b62ddb,enterprises
82c24dbc,loans
82db79b1,sharp
82fb3430,wow
82fc4597,ye
830f4797,casino
8320da61,arte
83345809,ar
837db71e,charity
83a25eae,ooo
84122585,xn--bck1b9a5dre4c
841c657b,xn--czr694b
842f6e2c,xn--mgbbh1a71e
8475c789,pnc
84b949f9,kh
84dd077d,cheap
851524c1,sap
852bbecd,forum
85489131,imdb
857639a3,wf
85f926bb,xn--qxam
86272b49,fail
8635c15d,abudhabi
86a64549,dad
86bc3012,tech
86c66215,ovh
873ec5e2,walter
87514371,buzz
876c813e,baby
8777b2d6,wolterskluwer
877fc101,ne
87c331c7,properties
87d4f01f,xn--h2breg3eve
8985ba28,black
89954ee0,party
8a3b7322,gal
8a708d6c,gratis
8a8579e6,eg
8aa197cd,pics
8aa40492,aquarelle
8ad9fc95,jaguar
8af5c843,hamburg
8b084949,uno
8b7acdfd,boo
8becc045,xn--xhq521b
8bf21cde,property
8c4a1aac,estate
8c736521,foo
8c7bbf9d,domains
8c7e724a,vivo
8cc7184c,ss
8d32dbfe,cal
8d811ba7,boston
8db10f16,goo
8db39c6e,xn--i1b6b1a6a2e
8dbfaa7d,redumbrella
8ddf0906,boats
8ddf0f13,merckmsd
8de8bdff,ec
8defd03b,az
8e307c74,tatamotors
8e789ea9,vision
8e81ba76,tax
8ea6999c,xn--c2br7g
8ec98d2a,ni
8ecee0ee,jp
8ee43421,repair
8f79295e,staples
8f7c2fc0,pictures
8ff34c04,yokohama
902bc36f,xn--mgbah1a3hjkrd
905fad9b,es
906003eb,sener
9080cbd6,shia
90a3fbc9,edu
90a783b2,moda
90bf7872,om
90cddd45,church
90e6ca9b,gea
90ef9b6f,ing
90f2e0f1,plus
9107824f,barclaycard
910caccf,now
910cb7fb,canon
91387161,xn--4dbrk0ce
91700828,sc
91e2b304,mango
91f59b97,cruises
91f8da5c,xn--vuq861b
91fd26f5,cyou
924dbb46,esq
92b1ed14,rw
92b680d0,vn
92bcb62d,android
92cf8b36,statefarm
931d9f58,xn--ngbc5azd
934bb9c6,irish
93848e0c,weir
93adaabb,map
94063ecd,xn--mgbt3dhd
94176ad9,engineer
9420803b,tennis
9451d090,citadel
9462e7dd,ong
94816168,marketing
94c50102,xn--zfr164b
95020495,lat
9543e571,xn--rhqv96g
957d8cb8,dish
9581d07d,how
95c71d14,cars
95dc290d,rs
960e386f,sohu
961dcc31,sg
962ccbe2,paris
9643fed9,delta
964d0ea3,africa
9654ad6c,seven
9667d541,xn--qcka1pmc
96d62f85,pru
96db7894,xn--b4w605ferd
96fd3b99,chase
97117991,energy
97375cdd,dupont
973ed2ab,chintai
974ecd65,nyc
97825f76,inc
97d5d1af,kp
9835f2e5,solar
98433965,xn--45br5cyl
98574167,read
985f1f3b,amica
98c64403,so
994d0ecb,academy
9959d744,ink
99ee8c74,af
9a0c5c5f,yodobashi
9a17265f,kpmg
9a28048c,dk
9a67ac51,lasalle
9a8654ac,xn--t60b56a
9ab47582,nra
9ac8d165,nu
9ad33f1a,eat
9b6f44e7,observer
9b8e88e9,condos
9bf4d0ad,cisco
9cf76119,hair
9d45c095,do
9d522f14,gmail
9daccbd3,homes
9de46520,diet
9df15568,xn--kprw13d
9e01d684,wales
9e32beea,online
9e36cab4,blue
9e3a2f6d,gap
9e5e43a8,cat
9e9d701b,cruise
9f24d5bb,talk
9fa5ce4e,rsvp
9fab801a,sk
a05a8453,cpa
a07a85ec,university
a080e252,tn
a0878f96,pw
a0a75528,hotmail
a0ebc007,zone
a0f15cd8,ott
a1223c54,boutique
a130424b,aramco
a13336ef,ntt
a148ffcc,ly
a167ec0f,ruhr
a18f007d,leclerc
a1a6347f,accenture
a2344877,forex
a26155b6,godaddy
a269cf19,gs
a2891af0,mm
a28e7734,it
a298a7a6,computer
a2f98e47,channel
a341076e,uz
a369e2b5,recipes
a37fff1f,llc
a391ac6d,grainger
a3c26bdf,saarland
a42c3f72,playstation
a47083a4,open
a47c990d,gift
a48571e5,amex
a4935506,fido
a50366c4,cn
a5040b00,gw
a5e6215b,family
a694dc93,xn--wgbh1c
a6c283f8,bz
a6c78425,aarp
a70a9e66,zm
a735e762,xn--mgberp4a5d4ar
a752675a,scot
a7a36d63,degree
a7ea4b8f,ps
a7ed264b,tj
a7ef835b,netflix
a800d5d8,land
a8190bca,br
a81e660e,fk
a87f12bd,xn--otu796d
a88376af,amfam
a8936dc5,jobs
a8feb3e7,lu
a92ed050,apple
a9a55a4c,courses
a9a77c7d,golf
aa203729,bmw
aa5d63f7,swatch
aa9e377a,date
aacd96aa,rich
aada8702,college
aae3994e,nikon
aafd544f,safety
ab0b0223,xn--90ae
ab17670e,temasek
ab3378ac,xn--4gbrim
ab3f56db,ma
ab7f7907,toray
ab8e4edb,zappos
abb148ae,bostik
abd8eef6,cf
abdef192,zero
ac2c2330,rodeo
ac348623,xn--nqv7fs00ema
ac5292c2,me
ac6340b3,like
ac6a4ca2,shop
ad0d764f,best
ad377a5a,xn--80aqecdr1a
ad4df330,bms
ad67dde0,scholarships
adf3f363,data
ae5b6a60,tf
ae8b2b2b,icbc
aebcd24d,za
aede269e,football
af1738bd,calvinklein
af73a217,fo
af74cfd3,bv
b0139afb,promo
b098e2dd,kerryproperties
b0ca3b76,win
b0fbb459,xn--vermgensberater-ctb
b0fd8e90,biz
b1023a8b,cr
b1085141,vin
b11b8798,here
b11f4c35,xn--5su34j936bgsg
b16386f3,toys
b1e2ef62,il
b1e582a6,mu
b1f34556,maif
b224679a,la
b25b6c84,career
b2684d9a,smart
b2c3dfb7,bf
b2cb07ad,xn--s9brj9c
b32ca5cc,surf
b32d374d,travelersinsurance
b35a1d77,insure
b391eaea,bestbuy
b3d4a6c5,today
b3ec7a04,tv
b481be1d,tr
b486d3d9,pk
b4b17a5c,bbt
b4dc476d,hiv
b4f0dba7,search
b55d168b,prudential
b5852df3,pin
b5ae1bae,bb
b5b41197,prod
b5d9fbc6,erni
b5ed4fa2,weatherchannel
b61154fc,wang
b66ffe92,cv
b68846bf,mq
b742bbbd,kddi
b7df13e4,money
b7e52fb5,protection
b853ce8d,my
b8b31b64,gg
b8d558dd,xihuan
b8e3f879,ifm
b8e87064,bbva
b8ee3872,club
b9327a73,spot
b96f5e40,sandvikcoromant
b9a0b9a3,xn--mgbi4ecexp
b9a28f38,xn--unup4y
ba5a362f,tz
ba602547,xn--l1acc
ba61d328,verisign
bac56c7a,voto
bade177a,schule
baf6c220,click
bb18264e,taipei
bb75939c,bj
bb954675,ht
bb967c4b,xin
bbd7c0c2,productions
bc185785,bn
bc19fb58,trading
bc2b4a1f,madrid
bc7c2723,spa
bc8b8b4e,xn--w4r85el8fhu5dnra
bcc23184,cfa
bcffefa8,li
bd309ff2,pg
bda0f2db,build
bdafd8c8,author
bdc9085d,compare
bdd53f5a,xn--h2brj9c
bea313be,claims
beb65bb4,poker
bef3a4b6,porn
bf00f2e5,ltd
bf0a854c,mls
bf335626,xn--3bst00m
bf396750,id
bf7d9047,schmidt
bf84e0f9,bayern
bf876d94,gmo
bfd9b2b9,cz
c0155143,blog
c0476bb7,ug
c08d8005,theatre
c0b298e9,baidu
c0c6e53e,tienda
c0c9bc58,graphics
c106c90b,rio
c168ce04,cw
c16fa3c0,gn
c18f7629,mp
c1944230,camp
c1e19b8b,xn--o3cw4h
c1f79957,afl
c22fe15e,total
c241b433,eurovision
c2ebd2aa,guge
c31479da,xn--2scrj9c
c39623fb,dental
c4148eb4,florist
c42f7784,report
c44c1350,tiaa
c4e0a61f,team
c4eb4a92,tw
c4ec2756,pn
c50180db,istanbul
c51b929e,audi
c51bbcb4,ryukyu
c588d63a,watches
c59bd5c1,security
c5c4ef21,bg
c5d30d03,loan
c62ec060,xn--gckr3f0f
c67bf717,cuisinella
c6e2b230,mt
c6e4e16c,xn--mgbbh1a
c6e5dff4,im
c7564738,athleta
c7653603,tmall
c7719c98,neustar
c7f81501,xn--rovu88b
c8094724,gbiz
c8187b15,jetzt
c826ac06,mobi
c83e57c6,ie
c8432983,kred
c8d4e9e5,vig
c8d56ea2,teva
c8d674fc,yahoo
c8d9efeb,gb
c8e66728,helsinki
c96e70cf,app
c9db5a14,star
c9e2d3c2,sony
c9f1279c,uk
ca37af64,pf
ca4c6647,nhk
ca53dfc2,sbi
ca55b5d0,institute
ca74f696,marshalls
ca9ec735,guide
ca9f4dd1,tui
caabde6a,nfl
cb081573,lighting
cb0dd898,kfh
cb14a707,quebec
cb1f6713,bo
cb484dd7,digital
cb4f840e,ice
cb5dbfc3,monash
cb893157,info
cb9205a1,tjmaxx
cbb5b798,forsale
cbe5a331,book
cc1752ae,nextdirect
cc22fe65,motorcycles
cc5d923c,datsun
cc75cece,fr
cc8e2f3e,call
cc9276e3,hu
cca8c50b,cfd
ccb9564a,dclk
cccc82bc,fujitsu
cd248aee,goodyear
cd4f5a30,design
cd52224a,music
ce28eae0,finance
ce47ccf0,tokyo
cebf92c7,consulting
ceda2313,health
cf2713fd,host
cf4d661e,asda
cf54fe1b,mx
cf838277,buy
cfb42bf2,gf
cfdd826f,pizza
d0568389,rehab
d07667d3,nba
d09aee21,green
d0a21076,rogers
d0ea16dd,tk
d0ed7b19,pr
d11297bf,xn--90a3ac
d114851d,edeka
d14109d4,ikano
d144763a,philips
d1989a28,versicherung
d1bd5c10,aig
d1d9d255,lincoln
d2045652,co
d219948c,supply
d2294458,feedback
d22b8b62,frontier
d230d98a,mba
d2e3ee7f,mh
d2e483bb,iq
d318a89a,gmbh
d3333bc3,jio
d338d583,equipment
d33bb079,exchange
d33e1c48,otsuka
d41c2769,xn--mgba7c0bbn0a
d43829f7,food
d438fe97,seek
d4b5fd56,yachts
d4b76579,circle
d5128a8f,training
d52277d1,fedex
d569924b,ck
d56eff8f,gr
d58e2a66,ml
d58fea74,lacaixa
d5983446,kaufen
d5b7bfd3,lpl
d5baa5be,mlb
d5bc4263,alstom
d6060c3a,bingo
d607f806,tci
d63a75cf,lifestyle
d65edad4,xn--mgba3a3ejt
d66f7870,republican
d6b54356,americanexpress
d6b555a0,george
d6c15c1e,pharmacy
d6f8946a,icu
d709661b,cricket
d76be565,pars
d787d2c4,to
d79c56e8,mormon
d7f3e811,basketball
d842bfab,infiniti
d860bf7a,bank
d873ff45,bw
d884897a,jewelry
d8a05627,limited
d8aef480,cba
d8b05b35,luxe
d8d5ec45,brother
d8ede3c3,sexy
d8ffab0e,tatar
d92c3722,abbvie
d95c5af6,tg
d96020e3,progressive
da66291c,xn--54b7fta0cc
da9dbfca,us
db0a5ed2,education
db55a254,md
db5b1e9f,nowruz
dbb21a79,cc
dbde2ead,xn--fjq720a
dc3dc58b,bible
dc8f3d7d,ibm
dc91e26e,construction
dc923e10,fund
dc9ab234,holiday
dcd663ad,lotte
dcdfde60,cg
dd206a7b,bio
dd69f470,xn--mgbab2bd
dd8b6a25,abogado
ddaa6289,grocery
ddb0a2fe,skype
de033726,sina
de0cb5b6,xn--d1acj3b
de319eef,tc
de75697c,kiwi
de9ed69d,mckinsey
dea4960f,okinawa
dee4f593,auction
df195698,fj
df1dccf9,xn--mgbcpq6gpa1a
df1e3b5c,bs
df288a23,barcelona
df42d181,xn--jvr189m
df6b0f74,marriott
df6f85d6,obi
dfc5a2e9,bing
dff98371,lt
dffeeeb5,hm
e000dc36,capitalone
e00cedde,booking
e021db7c,arpa
e02a723f,extraspace
e03234d0,ao
e0461b0f,radio
e0ce8d2d,hdfcbank
e0d03f41,pohl
e0dfe737,vet
e10abad0,mortgage
e10f8d86,ferrero
e12e3998,banamex
e1df033e,origins
e1e0b40e,discount
e1f157f0,walmart
e1fe6dd0,samsung
e2174282,epson
e262e962,beats
e2926f5e,xn--mgbca7dzdo
e2959c36,soccer
e3130405,je
e314e9d3,navy
e362c050,legal
e3e7859b,windows
e3fec116,deal
e402f625,hotels
e44d2200,mov
e4529b85,pet
e4840032,xn--1qqw23a
e4858e9c,hyundai
e545e245,xn--rvc1e0am3e
e54bc005,sale
e5a02990,day
e5adc14d,codes
e67738be,sb
e67f9749,study
e6981a74,memorial
e6c77495,lease
e746a8f0,xn--node
e7589d0d,er
e7681183,accountant
e7927c74,email
e7cae3cb,bloomberg
e7ce96ac,vana
e7e697c9,gay
e8058b83,global
e84c6565,yt
e8831740,ricoh
e88db02f,xn--efvy88h
e8abdd48,ws
e8acb08c,sj
e8b6697a,xerox
e8e924da,guru
e9168fda,hosting
e9191fc5,lego
e93176a9,discover
e98478fb,ac
e99930a0,suzuki
e9daa7d6,gov
e9f6d3ce,meet
ea165887,frl
ea4374c0,clubmed
ea93214a,bradesco
eaa225ea,np
eaa3ce34,kitchen
eac2e688,analytics
eafade77,tools
eb221271,kyoto
eb3db6ad,ist
eb60454a,desi
eb6a3874,vg
eb8eba67,xyz
eb95123f,restaurant
ebaa5046,netbank
ebce2677,yandex
ebfdefe9,lplfinancial
ec07fc6d,vc
ec1543e6,krd
ec18598b,jnj
ec2d5ce8,supplies
ec60f730,xn--nqv7f
ecd55cc6,final
ed0bcea6,intuit
ed1bbbc2,med
ed2f341a,dj
ed30e775,panasonic
ed3d51f7,cool
ed833571,xn--clchc0ea0b2g2a9gcd
edc88c37,jm
edcea9fe,xn--qxa6a
ee09690b,ky
ee3c04b3,stada
ee594b82,qpon
eecc8f83,xn--1ck2e1b
eecf1577,nissan
eee9bce2,ag
eefd8446,alibaba
ef046cf7,deloitte
ef39849b,deals
ef7fc736,ggee
ef81c582,holdings
ef8ecdfb,latino
efa269f7,sex
efb23ba8,travelers
efc17495,sn
efc73bb7,viajes
efeb5164,partners
f007732d,aaa
f037ab0f,tel
f0789934,youtube
f086ca4d,sncf
f098247e,dz
f0e9be1c,stream
f0fb391c,srl
f169d35e,careers
f1830e15,msd
f1c8d911,cern
f21c8d0f,xn--fhbei
f268f417,salon
f2ea15ff,net
f3076b19,mitsubishi
f35eac86,aw
f3be796f,ki
f3c9977f,xn--fiq228c5hs
f404a52d,creditcard
f433689f,as
f463524d,technology
f4d3bd76,km
f4f74225,xn--pgbs0dh
f514e2f5,frogans
f51ba0e8,sz
f52b9bd9,jprs
f53c72fc,xn--ngbrx
f5641118,coupons
f58d1f28,goog
f58e147b,allfinanz
f5921fca,rwe
f5aaea6a,dubai
f5ad757d,xn--lgbbat1ad8j
f62e1be7,latrobe
f66e7a28,bharti
f6aaf03b,broker
f6e50243,works
f6e9fbe0,oracle
f6f22c11,tkmaxx
f769b20c,airbus
f90cb66d,maison
f92bf435,fashion
f93c0db8,coop
f98e6fbe,samsclub
f99edabb,school
f9acf9cb,xn--80asehdb
f9d684ec,chrome
fa083544,ke
fa18facc,firestone
fa35eb68,cam
fa4e0ca8,xn--ygbi2ammx
fa615f8f,red
faf2f166,bofa
fb43076c,fidelity
fb45f439,shopping
fbc028da,sr
fbf0ec9b,bet
fc28da55,voting
fc35d654,art
fc74b5ea,flights
fcaa9d64,wed
fcadecc3,sv
fcba146c,winners
fcbb79ba,aetna
fcc84cbb,bridgestone
fd1421d0,rest
fd30de9e,tube
fd879a09,rexroth
fdfaa60e,anz
fe8f223c,pay
fea379a5,nl
fefe8495,xn--xkc2al3hye2a
ff232b31,games
ff575877,store
ffd08cd4,xn--fiq64b
fff42ab6,lamer
